--
-- PostgreSQL database dump
--

\restrict rODIuKnMIcasoSrb8imDADnfgtnXaDoSzYanGc1YyQT1TcItgdyuEfoNjgvDYgP

-- Dumped from database version 17.6
-- Dumped by pg_dump version 17.6

-- Started on 2025-09-08 16:45:21

SET statement_timeout = 0;
SET lock_timeout = 0;
SET idle_in_transaction_session_timeout = 0;
SET transaction_timeout = 0;
SET client_encoding = 'UTF8';
SET standard_conforming_strings = on;
SELECT pg_catalog.set_config('search_path', '', false);
SET check_function_bodies = false;
SET xmloption = content;
SET client_min_messages = warning;
SET row_security = off;

SET default_tablespace = '';

SET default_table_access_method = heap;

--
-- TOC entry 224 (class 1259 OID 17020)
-- Name: auth_group; Type: TABLE; Schema: public; Owner: postgres
--

CREATE TABLE public.auth_group (
    id integer NOT NULL,
    name character varying(150) NOT NULL
);


ALTER TABLE public.auth_group OWNER TO postgres;

--
-- TOC entry 223 (class 1259 OID 17019)
-- Name: auth_group_id_seq; Type: SEQUENCE; Schema: public; Owner: postgres
--

ALTER TABLE public.auth_group ALTER COLUMN id ADD GENERATED BY DEFAULT AS IDENTITY (
    SEQUENCE NAME public.auth_group_id_seq
    START WITH 1
    INCREMENT BY 1
    NO MINVALUE
    NO MAXVALUE
    CACHE 1
);


--
-- TOC entry 226 (class 1259 OID 17028)
-- Name: auth_group_permissions; Type: TABLE; Schema: public; Owner: postgres
--

CREATE TABLE public.auth_group_permissions (
    id bigint NOT NULL,
    group_id integer NOT NULL,
    permission_id integer NOT NULL
);


ALTER TABLE public.auth_group_permissions OWNER TO postgres;

--
-- TOC entry 225 (class 1259 OID 17027)
-- Name: auth_group_permissions_id_seq; Type: SEQUENCE; Schema: public; Owner: postgres
--

ALTER TABLE public.auth_group_permissions ALTER COLUMN id ADD GENERATED BY DEFAULT AS IDENTITY (
    SEQUENCE NAME public.auth_group_permissions_id_seq
    START WITH 1
    INCREMENT BY 1
    NO MINVALUE
    NO MAXVALUE
    CACHE 1
);


--
-- TOC entry 222 (class 1259 OID 17014)
-- Name: auth_permission; Type: TABLE; Schema: public; Owner: postgres
--

CREATE TABLE public.auth_permission (
    id integer NOT NULL,
    name character varying(255) NOT NULL,
    content_type_id integer NOT NULL,
    codename character varying(100) NOT NULL
);


ALTER TABLE public.auth_permission OWNER TO postgres;

--
-- TOC entry 221 (class 1259 OID 17013)
-- Name: auth_permission_id_seq; Type: SEQUENCE; Schema: public; Owner: postgres
--

ALTER TABLE public.auth_permission ALTER COLUMN id ADD GENERATED BY DEFAULT AS IDENTITY (
    SEQUENCE NAME public.auth_permission_id_seq
    START WITH 1
    INCREMENT BY 1
    NO MINVALUE
    NO MAXVALUE
    CACHE 1
);


--
-- TOC entry 228 (class 1259 OID 17034)
-- Name: auth_user; Type: TABLE; Schema: public; Owner: postgres
--

CREATE TABLE public.auth_user (
    id integer NOT NULL,
    password character varying(128) NOT NULL,
    last_login timestamp with time zone,
    is_superuser boolean NOT NULL,
    username character varying(150) NOT NULL,
    first_name character varying(150) NOT NULL,
    last_name character varying(150) NOT NULL,
    email character varying(254) NOT NULL,
    is_staff boolean NOT NULL,
    is_active boolean NOT NULL,
    date_joined timestamp with time zone NOT NULL
);


ALTER TABLE public.auth_user OWNER TO postgres;

--
-- TOC entry 230 (class 1259 OID 17042)
-- Name: auth_user_groups; Type: TABLE; Schema: public; Owner: postgres
--

CREATE TABLE public.auth_user_groups (
    id bigint NOT NULL,
    user_id integer NOT NULL,
    group_id integer NOT NULL
);


ALTER TABLE public.auth_user_groups OWNER TO postgres;

--
-- TOC entry 229 (class 1259 OID 17041)
-- Name: auth_user_groups_id_seq; Type: SEQUENCE; Schema: public; Owner: postgres
--

ALTER TABLE public.auth_user_groups ALTER COLUMN id ADD GENERATED BY DEFAULT AS IDENTITY (
    SEQUENCE NAME public.auth_user_groups_id_seq
    START WITH 1
    INCREMENT BY 1
    NO MINVALUE
    NO MAXVALUE
    CACHE 1
);


--
-- TOC entry 227 (class 1259 OID 17033)
-- Name: auth_user_id_seq; Type: SEQUENCE; Schema: public; Owner: postgres
--

ALTER TABLE public.auth_user ALTER COLUMN id ADD GENERATED BY DEFAULT AS IDENTITY (
    SEQUENCE NAME public.auth_user_id_seq
    START WITH 1
    INCREMENT BY 1
    NO MINVALUE
    NO MAXVALUE
    CACHE 1
);


--
-- TOC entry 232 (class 1259 OID 17048)
-- Name: auth_user_user_permissions; Type: TABLE; Schema: public; Owner: postgres
--

CREATE TABLE public.auth_user_user_permissions (
    id bigint NOT NULL,
    user_id integer NOT NULL,
    permission_id integer NOT NULL
);


ALTER TABLE public.auth_user_user_permissions OWNER TO postgres;

--
-- TOC entry 231 (class 1259 OID 17047)
-- Name: auth_user_user_permissions_id_seq; Type: SEQUENCE; Schema: public; Owner: postgres
--

ALTER TABLE public.auth_user_user_permissions ALTER COLUMN id ADD GENERATED BY DEFAULT AS IDENTITY (
    SEQUENCE NAME public.auth_user_user_permissions_id_seq
    START WITH 1
    INCREMENT BY 1
    NO MINVALUE
    NO MAXVALUE
    CACHE 1
);


--
-- TOC entry 234 (class 1259 OID 17106)
-- Name: django_admin_log; Type: TABLE; Schema: public; Owner: postgres
--

CREATE TABLE public.django_admin_log (
    id integer NOT NULL,
    action_time timestamp with time zone NOT NULL,
    object_id text,
    object_repr character varying(200) NOT NULL,
    action_flag smallint NOT NULL,
    change_message text NOT NULL,
    content_type_id integer,
    user_id integer NOT NULL,
    CONSTRAINT django_admin_log_action_flag_check CHECK ((action_flag >= 0))
);


ALTER TABLE public.django_admin_log OWNER TO postgres;

--
-- TOC entry 233 (class 1259 OID 17105)
-- Name: django_admin_log_id_seq; Type: SEQUENCE; Schema: public; Owner: postgres
--

ALTER TABLE public.django_admin_log ALTER COLUMN id ADD GENERATED BY DEFAULT AS IDENTITY (
    SEQUENCE NAME public.django_admin_log_id_seq
    START WITH 1
    INCREMENT BY 1
    NO MINVALUE
    NO MAXVALUE
    CACHE 1
);


--
-- TOC entry 220 (class 1259 OID 17006)
-- Name: django_content_type; Type: TABLE; Schema: public; Owner: postgres
--

CREATE TABLE public.django_content_type (
    id integer NOT NULL,
    app_label character varying(100) NOT NULL,
    model character varying(100) NOT NULL
);


ALTER TABLE public.django_content_type OWNER TO postgres;

--
-- TOC entry 219 (class 1259 OID 17005)
-- Name: django_content_type_id_seq; Type: SEQUENCE; Schema: public; Owner: postgres
--

ALTER TABLE public.django_content_type ALTER COLUMN id ADD GENERATED BY DEFAULT AS IDENTITY (
    SEQUENCE NAME public.django_content_type_id_seq
    START WITH 1
    INCREMENT BY 1
    NO MINVALUE
    NO MAXVALUE
    CACHE 1
);


--
-- TOC entry 218 (class 1259 OID 16998)
-- Name: django_migrations; Type: TABLE; Schema: public; Owner: postgres
--

CREATE TABLE public.django_migrations (
    id bigint NOT NULL,
    app character varying(255) NOT NULL,
    name character varying(255) NOT NULL,
    applied timestamp with time zone NOT NULL
);


ALTER TABLE public.django_migrations OWNER TO postgres;

--
-- TOC entry 217 (class 1259 OID 16997)
-- Name: django_migrations_id_seq; Type: SEQUENCE; Schema: public; Owner: postgres
--

ALTER TABLE public.django_migrations ALTER COLUMN id ADD GENERATED BY DEFAULT AS IDENTITY (
    SEQUENCE NAME public.django_migrations_id_seq
    START WITH 1
    INCREMENT BY 1
    NO MINVALUE
    NO MAXVALUE
    CACHE 1
);


--
-- TOC entry 235 (class 1259 OID 17134)
-- Name: django_rest_passwordreset_resetpasswordtoken; Type: TABLE; Schema: public; Owner: postgres
--

CREATE TABLE public.django_rest_passwordreset_resetpasswordtoken (
    created_at timestamp with time zone NOT NULL,
    key character varying(64) NOT NULL,
    ip_address inet,
    user_agent character varying(512) NOT NULL,
    user_id integer NOT NULL,
    id integer NOT NULL
);


ALTER TABLE public.django_rest_passwordreset_resetpasswordtoken OWNER TO postgres;

--
-- TOC entry 236 (class 1259 OID 17150)
-- Name: django_rest_passwordreset_resetpasswordtoken_id_seq; Type: SEQUENCE; Schema: public; Owner: postgres
--

ALTER TABLE public.django_rest_passwordreset_resetpasswordtoken ALTER COLUMN id ADD GENERATED BY DEFAULT AS IDENTITY (
    SEQUENCE NAME public.django_rest_passwordreset_resetpasswordtoken_id_seq
    START WITH 1
    INCREMENT BY 1
    NO MINVALUE
    NO MAXVALUE
    CACHE 1
);


--
-- TOC entry 249 (class 1259 OID 17232)
-- Name: django_session; Type: TABLE; Schema: public; Owner: postgres
--

CREATE TABLE public.django_session (
    session_key character varying(40) NOT NULL,
    session_data text NOT NULL,
    expire_date timestamp with time zone NOT NULL
);


ALTER TABLE public.django_session OWNER TO postgres;

--
-- TOC entry 242 (class 1259 OID 17175)
-- Name: irrigation_activacionusuario; Type: TABLE; Schema: public; Owner: postgres
--

CREATE TABLE public.irrigation_activacionusuario (
    id bigint NOT NULL,
    token uuid NOT NULL,
    creado timestamp with time zone NOT NULL,
    expiracion timestamp with time zone NOT NULL,
    user_id integer NOT NULL
);


ALTER TABLE public.irrigation_activacionusuario OWNER TO postgres;

--
-- TOC entry 241 (class 1259 OID 17174)
-- Name: irrigation_activacionusuario_id_seq; Type: SEQUENCE; Schema: public; Owner: postgres
--

ALTER TABLE public.irrigation_activacionusuario ALTER COLUMN id ADD GENERATED BY DEFAULT AS IDENTITY (
    SEQUENCE NAME public.irrigation_activacionusuario_id_seq
    START WITH 1
    INCREMENT BY 1
    NO MINVALUE
    NO MAXVALUE
    CACHE 1
);


--
-- TOC entry 248 (class 1259 OID 17226)
-- Name: irrigation_cultivo; Type: TABLE; Schema: public; Owner: postgres
--

CREATE TABLE public.irrigation_cultivo (
    id bigint NOT NULL,
    nombre_cultivo character varying(100) NOT NULL,
    tipo_cultivo character varying(100) NOT NULL,
    created_at timestamp with time zone NOT NULL,
    updated_at timestamp with time zone NOT NULL
);


ALTER TABLE public.irrigation_cultivo OWNER TO postgres;

--
-- TOC entry 247 (class 1259 OID 17225)
-- Name: irrigation_cultivo_id_seq; Type: SEQUENCE; Schema: public; Owner: postgres
--

ALTER TABLE public.irrigation_cultivo ALTER COLUMN id ADD GENERATED BY DEFAULT AS IDENTITY (
    SEQUENCE NAME public.irrigation_cultivo_id_seq
    START WITH 1
    INCREMENT BY 1
    NO MINVALUE
    NO MAXVALUE
    CACHE 1
);


--
-- TOC entry 246 (class 1259 OID 17214)
-- Name: irrigation_lecturasensor; Type: TABLE; Schema: public; Owner: postgres
--

CREATE TABLE public.irrigation_lecturasensor (
    id bigint NOT NULL,
    valor double precision NOT NULL,
    fecha_registro timestamp with time zone NOT NULL,
    sensor_id bigint NOT NULL
);


ALTER TABLE public.irrigation_lecturasensor OWNER TO postgres;

--
-- TOC entry 245 (class 1259 OID 17213)
-- Name: irrigation_lecturasensor_id_seq; Type: SEQUENCE; Schema: public; Owner: postgres
--

ALTER TABLE public.irrigation_lecturasensor ALTER COLUMN id ADD GENERATED BY DEFAULT AS IDENTITY (
    SEQUENCE NAME public.irrigation_lecturasensor_id_seq
    START WITH 1
    INCREMENT BY 1
    NO MINVALUE
    NO MAXVALUE
    CACHE 1
);


--
-- TOC entry 238 (class 1259 OID 17163)
-- Name: irrigation_programacionriego; Type: TABLE; Schema: public; Owner: postgres
--

CREATE TABLE public.irrigation_programacionriego (
    id bigint NOT NULL,
    inicio time without time zone NOT NULL,
    duracion integer NOT NULL,
    activo boolean NOT NULL,
    numero_lotes integer,
    CONSTRAINT irrigation_programacionriego_numero_lotes_check CHECK ((numero_lotes >= 0))
);


ALTER TABLE public.irrigation_programacionriego OWNER TO postgres;

--
-- TOC entry 237 (class 1259 OID 17162)
-- Name: irrigation_programacionriego_id_seq; Type: SEQUENCE; Schema: public; Owner: postgres
--

ALTER TABLE public.irrigation_programacionriego ALTER COLUMN id ADD GENERATED BY DEFAULT AS IDENTITY (
    SEQUENCE NAME public.irrigation_programacionriego_id_seq
    START WITH 1
    INCREMENT BY 1
    NO MINVALUE
    NO MAXVALUE
    CACHE 1
);


--
-- TOC entry 244 (class 1259 OID 17195)
-- Name: irrigation_registroriego; Type: TABLE; Schema: public; Owner: postgres
--

CREATE TABLE public.irrigation_registroriego (
    id bigint NOT NULL,
    inicio timestamp with time zone NOT NULL,
    duracion_minutos integer NOT NULL,
    activo boolean NOT NULL,
    sensor_id bigint NOT NULL,
    usuario_id integer,
    CONSTRAINT irrigation_registroriego_duracion_minutos_check CHECK ((duracion_minutos >= 0))
);


ALTER TABLE public.irrigation_registroriego OWNER TO postgres;

--
-- TOC entry 243 (class 1259 OID 17194)
-- Name: irrigation_registroriego_id_seq; Type: SEQUENCE; Schema: public; Owner: postgres
--

ALTER TABLE public.irrigation_registroriego ALTER COLUMN id ADD GENERATED BY DEFAULT AS IDENTITY (
    SEQUENCE NAME public.irrigation_registroriego_id_seq
    START WITH 1
    INCREMENT BY 1
    NO MINVALUE
    NO MAXVALUE
    CACHE 1
);


--
-- TOC entry 240 (class 1259 OID 17169)
-- Name: irrigation_sensor; Type: TABLE; Schema: public; Owner: postgres
--

CREATE TABLE public.irrigation_sensor (
    id bigint NOT NULL,
    tipo character varying(12) NOT NULL,
    valor double precision NOT NULL,
    fecha_registro timestamp with time zone NOT NULL,
    activo boolean NOT NULL
);


ALTER TABLE public.irrigation_sensor OWNER TO postgres;

--
-- TOC entry 239 (class 1259 OID 17168)
-- Name: irrigation_sensor_id_seq; Type: SEQUENCE; Schema: public; Owner: postgres
--

ALTER TABLE public.irrigation_sensor ALTER COLUMN id ADD GENERATED BY DEFAULT AS IDENTITY (
    SEQUENCE NAME public.irrigation_sensor_id_seq
    START WITH 1
    INCREMENT BY 1
    NO MINVALUE
    NO MAXVALUE
    CACHE 1
);


--
-- TOC entry 5062 (class 0 OID 17020)
-- Dependencies: 224
-- Data for Name: auth_group; Type: TABLE DATA; Schema: public; Owner: postgres
--

COPY public.auth_group (id, name) FROM stdin;
\.


--
-- TOC entry 5064 (class 0 OID 17028)
-- Dependencies: 226
-- Data for Name: auth_group_permissions; Type: TABLE DATA; Schema: public; Owner: postgres
--

COPY public.auth_group_permissions (id, group_id, permission_id) FROM stdin;
\.


--
-- TOC entry 5060 (class 0 OID 17014)
-- Dependencies: 222
-- Data for Name: auth_permission; Type: TABLE DATA; Schema: public; Owner: postgres
--

COPY public.auth_permission (id, name, content_type_id, codename) FROM stdin;
1	Can add log entry	1	add_logentry
2	Can change log entry	1	change_logentry
3	Can delete log entry	1	delete_logentry
4	Can view log entry	1	view_logentry
5	Can add permission	2	add_permission
6	Can change permission	2	change_permission
7	Can delete permission	2	delete_permission
8	Can view permission	2	view_permission
9	Can add group	3	add_group
10	Can change group	3	change_group
11	Can delete group	3	delete_group
12	Can view group	3	view_group
13	Can add user	4	add_user
14	Can change user	4	change_user
15	Can delete user	4	delete_user
16	Can view user	4	view_user
17	Can add content type	5	add_contenttype
18	Can change content type	5	change_contenttype
19	Can delete content type	5	delete_contenttype
20	Can view content type	5	view_contenttype
21	Can add session	6	add_session
22	Can change session	6	change_session
23	Can delete session	6	delete_session
24	Can view session	6	view_session
25	Can add Password Reset Token	7	add_resetpasswordtoken
26	Can change Password Reset Token	7	change_resetpasswordtoken
27	Can delete Password Reset Token	7	delete_resetpasswordtoken
28	Can view Password Reset Token	7	view_resetpasswordtoken
29	Can add programacion riego	8	add_programacionriego
30	Can change programacion riego	8	change_programacionriego
31	Can delete programacion riego	8	delete_programacionriego
32	Can view programacion riego	8	view_programacionriego
33	Can add sensor	9	add_sensor
34	Can change sensor	9	change_sensor
35	Can delete sensor	9	delete_sensor
36	Can view sensor	9	view_sensor
37	Can add activacion usuario	10	add_activacionusuario
38	Can change activacion usuario	10	change_activacionusuario
39	Can delete activacion usuario	10	delete_activacionusuario
40	Can view activacion usuario	10	view_activacionusuario
41	Can add registro riego	11	add_registroriego
42	Can change registro riego	11	change_registroriego
43	Can delete registro riego	11	delete_registroriego
44	Can view registro riego	11	view_registroriego
45	Can add lectura sensor	12	add_lecturasensor
46	Can change lectura sensor	12	change_lecturasensor
47	Can delete lectura sensor	12	delete_lecturasensor
48	Can view lectura sensor	12	view_lecturasensor
49	Can add cultivo	13	add_cultivo
50	Can change cultivo	13	change_cultivo
51	Can delete cultivo	13	delete_cultivo
52	Can view cultivo	13	view_cultivo
\.


--
-- TOC entry 5066 (class 0 OID 17034)
-- Dependencies: 228
-- Data for Name: auth_user; Type: TABLE DATA; Schema: public; Owner: postgres
--

COPY public.auth_user (id, password, last_login, is_superuser, username, first_name, last_name, email, is_staff, is_active, date_joined) FROM stdin;
\.


--
-- TOC entry 5068 (class 0 OID 17042)
-- Dependencies: 230
-- Data for Name: auth_user_groups; Type: TABLE DATA; Schema: public; Owner: postgres
--

COPY public.auth_user_groups (id, user_id, group_id) FROM stdin;
\.


--
-- TOC entry 5070 (class 0 OID 17048)
-- Dependencies: 232
-- Data for Name: auth_user_user_permissions; Type: TABLE DATA; Schema: public; Owner: postgres
--

COPY public.auth_user_user_permissions (id, user_id, permission_id) FROM stdin;
\.


--
-- TOC entry 5072 (class 0 OID 17106)
-- Dependencies: 234
-- Data for Name: django_admin_log; Type: TABLE DATA; Schema: public; Owner: postgres
--

COPY public.django_admin_log (id, action_time, object_id, object_repr, action_flag, change_message, content_type_id, user_id) FROM stdin;
\.


--
-- TOC entry 5058 (class 0 OID 17006)
-- Dependencies: 220
-- Data for Name: django_content_type; Type: TABLE DATA; Schema: public; Owner: postgres
--

COPY public.django_content_type (id, app_label, model) FROM stdin;
1	admin	logentry
2	auth	permission
3	auth	group
4	auth	user
5	contenttypes	contenttype
6	sessions	session
7	django_rest_passwordreset	resetpasswordtoken
8	irrigation	programacionriego
9	irrigation	sensor
10	irrigation	activacionusuario
11	irrigation	registroriego
12	irrigation	lecturasensor
13	irrigation	cultivo
\.


--
-- TOC entry 5056 (class 0 OID 16998)
-- Dependencies: 218
-- Data for Name: django_migrations; Type: TABLE DATA; Schema: public; Owner: postgres
--

COPY public.django_migrations (id, app, name, applied) FROM stdin;
1	contenttypes	0001_initial	2025-09-08 08:34:15.940358-05
2	auth	0001_initial	2025-09-08 08:34:16.074045-05
3	admin	0001_initial	2025-09-08 08:34:16.107767-05
4	admin	0002_logentry_remove_auto_add	2025-09-08 08:34:16.119568-05
5	admin	0003_logentry_add_action_flag_choices	2025-09-08 08:34:16.12869-05
6	contenttypes	0002_remove_content_type_name	2025-09-08 08:34:16.155152-05
7	auth	0002_alter_permission_name_max_length	2025-09-08 08:34:16.166902-05
8	auth	0003_alter_user_email_max_length	2025-09-08 08:34:16.176912-05
9	auth	0004_alter_user_username_opts	2025-09-08 08:34:16.187095-05
10	auth	0005_alter_user_last_login_null	2025-09-08 08:34:16.200026-05
11	auth	0006_require_contenttypes_0002	2025-09-08 08:34:16.202019-05
12	auth	0007_alter_validators_add_error_messages	2025-09-08 08:34:16.212969-05
13	auth	0008_alter_user_username_max_length	2025-09-08 08:34:16.237366-05
14	auth	0009_alter_user_last_name_max_length	2025-09-08 08:34:16.249356-05
15	auth	0010_alter_group_name_max_length	2025-09-08 08:34:16.264521-05
16	auth	0011_update_proxy_permissions	2025-09-08 08:34:16.27528-05
17	auth	0012_alter_user_first_name_max_length	2025-09-08 08:34:16.288742-05
18	django_rest_passwordreset	0001_initial	2025-09-08 08:34:16.317922-05
19	django_rest_passwordreset	0002_pk_migration	2025-09-08 08:34:16.388058-05
20	django_rest_passwordreset	0003_allow_blank_and_null_fields	2025-09-08 08:34:16.423123-05
21	django_rest_passwordreset	0004_alter_resetpasswordtoken_user_agent	2025-09-08 08:34:16.435463-05
22	irrigation	0001_initial	2025-09-08 08:34:16.451707-05
23	irrigation	0002_alter_programacionriego_duracion_activacionusuario	2025-09-08 08:34:16.485666-05
24	irrigation	0003_sensor_activo	2025-09-08 08:34:16.493115-05
25	irrigation	0004_rename_tipo_sensor_humedad	2025-09-08 08:34:16.497833-05
26	irrigation	0005_rename_humedad_sensor_tipo	2025-09-08 08:34:16.501948-05
27	irrigation	0006_alter_sensor_tipo	2025-09-08 08:34:16.509802-05
28	irrigation	0007_registroriego	2025-09-08 08:34:16.545827-05
29	irrigation	0008_lecturasensor	2025-09-08 08:34:16.572228-05
30	irrigation	0009_cultivo	2025-09-08 08:34:16.582551-05
31	irrigation	0010_programacionriego_numero_lotes	2025-09-08 08:34:16.587303-05
32	sessions	0001_initial	2025-09-08 08:34:16.605322-05
\.


--
-- TOC entry 5073 (class 0 OID 17134)
-- Dependencies: 235
-- Data for Name: django_rest_passwordreset_resetpasswordtoken; Type: TABLE DATA; Schema: public; Owner: postgres
--

COPY public.django_rest_passwordreset_resetpasswordtoken (created_at, key, ip_address, user_agent, user_id, id) FROM stdin;
\.


--
-- TOC entry 5087 (class 0 OID 17232)
-- Dependencies: 249
-- Data for Name: django_session; Type: TABLE DATA; Schema: public; Owner: postgres
--

COPY public.django_session (session_key, session_data, expire_date) FROM stdin;
\.


--
-- TOC entry 5080 (class 0 OID 17175)
-- Dependencies: 242
-- Data for Name: irrigation_activacionusuario; Type: TABLE DATA; Schema: public; Owner: postgres
--

COPY public.irrigation_activacionusuario (id, token, creado, expiracion, user_id) FROM stdin;
\.


--
-- TOC entry 5086 (class 0 OID 17226)
-- Dependencies: 248
-- Data for Name: irrigation_cultivo; Type: TABLE DATA; Schema: public; Owner: postgres
--

COPY public.irrigation_cultivo (id, nombre_cultivo, tipo_cultivo, created_at, updated_at) FROM stdin;
\.


--
-- TOC entry 5084 (class 0 OID 17214)
-- Dependencies: 246
-- Data for Name: irrigation_lecturasensor; Type: TABLE DATA; Schema: public; Owner: postgres
--

COPY public.irrigation_lecturasensor (id, valor, fecha_registro, sensor_id) FROM stdin;
\.


--
-- TOC entry 5076 (class 0 OID 17163)
-- Dependencies: 238
-- Data for Name: irrigation_programacionriego; Type: TABLE DATA; Schema: public; Owner: postgres
--

COPY public.irrigation_programacionriego (id, inicio, duracion, activo, numero_lotes) FROM stdin;
\.


--
-- TOC entry 5082 (class 0 OID 17195)
-- Dependencies: 244
-- Data for Name: irrigation_registroriego; Type: TABLE DATA; Schema: public; Owner: postgres
--

COPY public.irrigation_registroriego (id, inicio, duracion_minutos, activo, sensor_id, usuario_id) FROM stdin;
\.


--
-- TOC entry 5078 (class 0 OID 17169)
-- Dependencies: 240
-- Data for Name: irrigation_sensor; Type: TABLE DATA; Schema: public; Owner: postgres
--

COPY public.irrigation_sensor (id, tipo, valor, fecha_registro, activo) FROM stdin;
\.


--
-- TOC entry 5093 (class 0 OID 0)
-- Dependencies: 223
-- Name: auth_group_id_seq; Type: SEQUENCE SET; Schema: public; Owner: postgres
--

SELECT pg_catalog.setval('public.auth_group_id_seq', 1, false);


--
-- TOC entry 5094 (class 0 OID 0)
-- Dependencies: 225
-- Name: auth_group_permissions_id_seq; Type: SEQUENCE SET; Schema: public; Owner: postgres
--

SELECT pg_catalog.setval('public.auth_group_permissions_id_seq', 1, false);


--
-- TOC entry 5095 (class 0 OID 0)
-- Dependencies: 221
-- Name: auth_permission_id_seq; Type: SEQUENCE SET; Schema: public; Owner: postgres
--

SELECT pg_catalog.setval('public.auth_permission_id_seq', 52, true);


--
-- TOC entry 5096 (class 0 OID 0)
-- Dependencies: 229
-- Name: auth_user_groups_id_seq; Type: SEQUENCE SET; Schema: public; Owner: postgres
--

SELECT pg_catalog.setval('public.auth_user_groups_id_seq', 1, false);


--
-- TOC entry 5097 (class 0 OID 0)
-- Dependencies: 227
-- Name: auth_user_id_seq; Type: SEQUENCE SET; Schema: public; Owner: postgres
--

SELECT pg_catalog.setval('public.auth_user_id_seq', 1, false);


--
-- TOC entry 5098 (class 0 OID 0)
-- Dependencies: 231
-- Name: auth_user_user_permissions_id_seq; Type: SEQUENCE SET; Schema: public; Owner: postgres
--

SELECT pg_catalog.setval('public.auth_user_user_permissions_id_seq', 1, false);


--
-- TOC entry 5099 (class 0 OID 0)
-- Dependencies: 233
-- Name: django_admin_log_id_seq; Type: SEQUENCE SET; Schema: public; Owner: postgres
--

SELECT pg_catalog.setval('public.django_admin_log_id_seq', 1, false);


--
-- TOC entry 5100 (class 0 OID 0)
-- Dependencies: 219
-- Name: django_content_type_id_seq; Type: SEQUENCE SET; Schema: public; Owner: postgres
--

SELECT pg_catalog.setval('public.django_content_type_id_seq', 13, true);


--
-- TOC entry 5101 (class 0 OID 0)
-- Dependencies: 217
-- Name: django_migrations_id_seq; Type: SEQUENCE SET; Schema: public; Owner: postgres
--

SELECT pg_catalog.setval('public.django_migrations_id_seq', 32, true);


--
-- TOC entry 5102 (class 0 OID 0)
-- Dependencies: 236
-- Name: django_rest_passwordreset_resetpasswordtoken_id_seq; Type: SEQUENCE SET; Schema: public; Owner: postgres
--

SELECT pg_catalog.setval('public.django_rest_passwordreset_resetpasswordtoken_id_seq', 1, false);


--
-- TOC entry 5103 (class 0 OID 0)
-- Dependencies: 241
-- Name: irrigation_activacionusuario_id_seq; Type: SEQUENCE SET; Schema: public; Owner: postgres
--

SELECT pg_catalog.setval('public.irrigation_activacionusuario_id_seq', 1, false);


--
-- TOC entry 5104 (class 0 OID 0)
-- Dependencies: 247
-- Name: irrigation_cultivo_id_seq; Type: SEQUENCE SET; Schema: public; Owner: postgres
--

SELECT pg_catalog.setval('public.irrigation_cultivo_id_seq', 1, false);


--
-- TOC entry 5105 (class 0 OID 0)
-- Dependencies: 245
-- Name: irrigation_lecturasensor_id_seq; Type: SEQUENCE SET; Schema: public; Owner: postgres
--

SELECT pg_catalog.setval('public.irrigation_lecturasensor_id_seq', 1, false);


--
-- TOC entry 5106 (class 0 OID 0)
-- Dependencies: 237
-- Name: irrigation_programacionriego_id_seq; Type: SEQUENCE SET; Schema: public; Owner: postgres
--

SELECT pg_catalog.setval('public.irrigation_programacionriego_id_seq', 1, false);


--
-- TOC entry 5107 (class 0 OID 0)
-- Dependencies: 243
-- Name: irrigation_registroriego_id_seq; Type: SEQUENCE SET; Schema: public; Owner: postgres
--

SELECT pg_catalog.setval('public.irrigation_registroriego_id_seq', 1, false);


--
-- TOC entry 5108 (class 0 OID 0)
-- Dependencies: 239
-- Name: irrigation_sensor_id_seq; Type: SEQUENCE SET; Schema: public; Owner: postgres
--

SELECT pg_catalog.setval('public.irrigation_sensor_id_seq', 1, false);


--
-- TOC entry 4837 (class 2606 OID 17132)
-- Name: auth_group auth_group_name_key; Type: CONSTRAINT; Schema: public; Owner: postgres
--

ALTER TABLE ONLY public.auth_group
    ADD CONSTRAINT auth_group_name_key UNIQUE (name);


--
-- TOC entry 4842 (class 2606 OID 17063)
-- Name: auth_group_permissions auth_group_permissions_group_id_permission_id_0cd325b0_uniq; Type: CONSTRAINT; Schema: public; Owner: postgres
--

ALTER TABLE ONLY public.auth_group_permissions
    ADD CONSTRAINT auth_group_permissions_group_id_permission_id_0cd325b0_uniq UNIQUE (group_id, permission_id);


--
-- TOC entry 4845 (class 2606 OID 17032)
-- Name: auth_group_permissions auth_group_permissions_pkey; Type: CONSTRAINT; Schema: public; Owner: postgres
--

ALTER TABLE ONLY public.auth_group_permissions
    ADD CONSTRAINT auth_group_permissions_pkey PRIMARY KEY (id);


--
-- TOC entry 4839 (class 2606 OID 17024)
-- Name: auth_group auth_group_pkey; Type: CONSTRAINT; Schema: public; Owner: postgres
--

ALTER TABLE ONLY public.auth_group
    ADD CONSTRAINT auth_group_pkey PRIMARY KEY (id);


--
-- TOC entry 4832 (class 2606 OID 17054)
-- Name: auth_permission auth_permission_content_type_id_codename_01ab375a_uniq; Type: CONSTRAINT; Schema: public; Owner: postgres
--

ALTER TABLE ONLY public.auth_permission
    ADD CONSTRAINT auth_permission_content_type_id_codename_01ab375a_uniq UNIQUE (content_type_id, codename);


--
-- TOC entry 4834 (class 2606 OID 17018)
-- Name: auth_permission auth_permission_pkey; Type: CONSTRAINT; Schema: public; Owner: postgres
--

ALTER TABLE ONLY public.auth_permission
    ADD CONSTRAINT auth_permission_pkey PRIMARY KEY (id);


--
-- TOC entry 4853 (class 2606 OID 17046)
-- Name: auth_user_groups auth_user_groups_pkey; Type: CONSTRAINT; Schema: public; Owner: postgres
--

ALTER TABLE ONLY public.auth_user_groups
    ADD CONSTRAINT auth_user_groups_pkey PRIMARY KEY (id);


--
-- TOC entry 4856 (class 2606 OID 17078)
-- Name: auth_user_groups auth_user_groups_user_id_group_id_94350c0c_uniq; Type: CONSTRAINT; Schema: public; Owner: postgres
--

ALTER TABLE ONLY public.auth_user_groups
    ADD CONSTRAINT auth_user_groups_user_id_group_id_94350c0c_uniq UNIQUE (user_id, group_id);


--
-- TOC entry 4847 (class 2606 OID 17038)
-- Name: auth_user auth_user_pkey; Type: CONSTRAINT; Schema: public; Owner: postgres
--

ALTER TABLE ONLY public.auth_user
    ADD CONSTRAINT auth_user_pkey PRIMARY KEY (id);


--
-- TOC entry 4859 (class 2606 OID 17052)
-- Name: auth_user_user_permissions auth_user_user_permissions_pkey; Type: CONSTRAINT; Schema: public; Owner: postgres
--

ALTER TABLE ONLY public.auth_user_user_permissions
    ADD CONSTRAINT auth_user_user_permissions_pkey PRIMARY KEY (id);


--
-- TOC entry 4862 (class 2606 OID 17092)
-- Name: auth_user_user_permissions auth_user_user_permissions_user_id_permission_id_14a6b632_uniq; Type: CONSTRAINT; Schema: public; Owner: postgres
--

ALTER TABLE ONLY public.auth_user_user_permissions
    ADD CONSTRAINT auth_user_user_permissions_user_id_permission_id_14a6b632_uniq UNIQUE (user_id, permission_id);


--
-- TOC entry 4850 (class 2606 OID 17127)
-- Name: auth_user auth_user_username_key; Type: CONSTRAINT; Schema: public; Owner: postgres
--

ALTER TABLE ONLY public.auth_user
    ADD CONSTRAINT auth_user_username_key UNIQUE (username);


--
-- TOC entry 4865 (class 2606 OID 17113)
-- Name: django_admin_log django_admin_log_pkey; Type: CONSTRAINT; Schema: public; Owner: postgres
--

ALTER TABLE ONLY public.django_admin_log
    ADD CONSTRAINT django_admin_log_pkey PRIMARY KEY (id);


--
-- TOC entry 4827 (class 2606 OID 17012)
-- Name: django_content_type django_content_type_app_label_model_76bd3d3b_uniq; Type: CONSTRAINT; Schema: public; Owner: postgres
--

ALTER TABLE ONLY public.django_content_type
    ADD CONSTRAINT django_content_type_app_label_model_76bd3d3b_uniq UNIQUE (app_label, model);


--
-- TOC entry 4829 (class 2606 OID 17010)
-- Name: django_content_type django_content_type_pkey; Type: CONSTRAINT; Schema: public; Owner: postgres
--

ALTER TABLE ONLY public.django_content_type
    ADD CONSTRAINT django_content_type_pkey PRIMARY KEY (id);


--
-- TOC entry 4825 (class 2606 OID 17004)
-- Name: django_migrations django_migrations_pkey; Type: CONSTRAINT; Schema: public; Owner: postgres
--

ALTER TABLE ONLY public.django_migrations
    ADD CONSTRAINT django_migrations_pkey PRIMARY KEY (id);


--
-- TOC entry 4869 (class 2606 OID 17149)
-- Name: django_rest_passwordreset_resetpasswordtoken django_rest_passwordreset_resetpasswordtoken_key_f1b65873_uniq; Type: CONSTRAINT; Schema: public; Owner: postgres
--

ALTER TABLE ONLY public.django_rest_passwordreset_resetpasswordtoken
    ADD CONSTRAINT django_rest_passwordreset_resetpasswordtoken_key_f1b65873_uniq UNIQUE (key);


--
-- TOC entry 4871 (class 2606 OID 17152)
-- Name: django_rest_passwordreset_resetpasswordtoken django_rest_passwordreset_resetpasswordtoken_pkey; Type: CONSTRAINT; Schema: public; Owner: postgres
--

ALTER TABLE ONLY public.django_rest_passwordreset_resetpasswordtoken
    ADD CONSTRAINT django_rest_passwordreset_resetpasswordtoken_pkey PRIMARY KEY (id);


--
-- TOC entry 4894 (class 2606 OID 17238)
-- Name: django_session django_session_pkey; Type: CONSTRAINT; Schema: public; Owner: postgres
--

ALTER TABLE ONLY public.django_session
    ADD CONSTRAINT django_session_pkey PRIMARY KEY (session_key);


--
-- TOC entry 4878 (class 2606 OID 17179)
-- Name: irrigation_activacionusuario irrigation_activacionusuario_pkey; Type: CONSTRAINT; Schema: public; Owner: postgres
--

ALTER TABLE ONLY public.irrigation_activacionusuario
    ADD CONSTRAINT irrigation_activacionusuario_pkey PRIMARY KEY (id);


--
-- TOC entry 4880 (class 2606 OID 17181)
-- Name: irrigation_activacionusuario irrigation_activacionusuario_token_key; Type: CONSTRAINT; Schema: public; Owner: postgres
--

ALTER TABLE ONLY public.irrigation_activacionusuario
    ADD CONSTRAINT irrigation_activacionusuario_token_key UNIQUE (token);


--
-- TOC entry 4882 (class 2606 OID 17183)
-- Name: irrigation_activacionusuario irrigation_activacionusuario_user_id_key; Type: CONSTRAINT; Schema: public; Owner: postgres
--

ALTER TABLE ONLY public.irrigation_activacionusuario
    ADD CONSTRAINT irrigation_activacionusuario_user_id_key UNIQUE (user_id);


--
-- TOC entry 4891 (class 2606 OID 17230)
-- Name: irrigation_cultivo irrigation_cultivo_pkey; Type: CONSTRAINT; Schema: public; Owner: postgres
--

ALTER TABLE ONLY public.irrigation_cultivo
    ADD CONSTRAINT irrigation_cultivo_pkey PRIMARY KEY (id);


--
-- TOC entry 4888 (class 2606 OID 17218)
-- Name: irrigation_lecturasensor irrigation_lecturasensor_pkey; Type: CONSTRAINT; Schema: public; Owner: postgres
--

ALTER TABLE ONLY public.irrigation_lecturasensor
    ADD CONSTRAINT irrigation_lecturasensor_pkey PRIMARY KEY (id);


--
-- TOC entry 4874 (class 2606 OID 17167)
-- Name: irrigation_programacionriego irrigation_programacionriego_pkey; Type: CONSTRAINT; Schema: public; Owner: postgres
--

ALTER TABLE ONLY public.irrigation_programacionriego
    ADD CONSTRAINT irrigation_programacionriego_pkey PRIMARY KEY (id);


--
-- TOC entry 4884 (class 2606 OID 17200)
-- Name: irrigation_registroriego irrigation_registroriego_pkey; Type: CONSTRAINT; Schema: public; Owner: postgres
--

ALTER TABLE ONLY public.irrigation_registroriego
    ADD CONSTRAINT irrigation_registroriego_pkey PRIMARY KEY (id);


--
-- TOC entry 4876 (class 2606 OID 17173)
-- Name: irrigation_sensor irrigation_sensor_pkey; Type: CONSTRAINT; Schema: public; Owner: postgres
--

ALTER TABLE ONLY public.irrigation_sensor
    ADD CONSTRAINT irrigation_sensor_pkey PRIMARY KEY (id);


--
-- TOC entry 4835 (class 1259 OID 17133)
-- Name: auth_group_name_a6ea08ec_like; Type: INDEX; Schema: public; Owner: postgres
--

CREATE INDEX auth_group_name_a6ea08ec_like ON public.auth_group USING btree (name varchar_pattern_ops);


--
-- TOC entry 4840 (class 1259 OID 17074)
-- Name: auth_group_permissions_group_id_b120cbf9; Type: INDEX; Schema: public; Owner: postgres
--

CREATE INDEX auth_group_permissions_group_id_b120cbf9 ON public.auth_group_permissions USING btree (group_id);


--
-- TOC entry 4843 (class 1259 OID 17075)
-- Name: auth_group_permissions_permission_id_84c5c92e; Type: INDEX; Schema: public; Owner: postgres
--

CREATE INDEX auth_group_permissions_permission_id_84c5c92e ON public.auth_group_permissions USING btree (permission_id);


--
-- TOC entry 4830 (class 1259 OID 17060)
-- Name: auth_permission_content_type_id_2f476e4b; Type: INDEX; Schema: public; Owner: postgres
--

CREATE INDEX auth_permission_content_type_id_2f476e4b ON public.auth_permission USING btree (content_type_id);


--
-- TOC entry 4851 (class 1259 OID 17090)
-- Name: auth_user_groups_group_id_97559544; Type: INDEX; Schema: public; Owner: postgres
--

CREATE INDEX auth_user_groups_group_id_97559544 ON public.auth_user_groups USING btree (group_id);


--
-- TOC entry 4854 (class 1259 OID 17089)
-- Name: auth_user_groups_user_id_6a12ed8b; Type: INDEX; Schema: public; Owner: postgres
--

CREATE INDEX auth_user_groups_user_id_6a12ed8b ON public.auth_user_groups USING btree (user_id);


--
-- TOC entry 4857 (class 1259 OID 17104)
-- Name: auth_user_user_permissions_permission_id_1fbb5f2c; Type: INDEX; Schema: public; Owner: postgres
--

CREATE INDEX auth_user_user_permissions_permission_id_1fbb5f2c ON public.auth_user_user_permissions USING btree (permission_id);


--
-- TOC entry 4860 (class 1259 OID 17103)
-- Name: auth_user_user_permissions_user_id_a95ead1b; Type: INDEX; Schema: public; Owner: postgres
--

CREATE INDEX auth_user_user_permissions_user_id_a95ead1b ON public.auth_user_user_permissions USING btree (user_id);


--
-- TOC entry 4848 (class 1259 OID 17128)
-- Name: auth_user_username_6821ab7c_like; Type: INDEX; Schema: public; Owner: postgres
--

CREATE INDEX auth_user_username_6821ab7c_like ON public.auth_user USING btree (username varchar_pattern_ops);


--
-- TOC entry 4863 (class 1259 OID 17124)
-- Name: django_admin_log_content_type_id_c4bce8eb; Type: INDEX; Schema: public; Owner: postgres
--

CREATE INDEX django_admin_log_content_type_id_c4bce8eb ON public.django_admin_log USING btree (content_type_id);


--
-- TOC entry 4866 (class 1259 OID 17125)
-- Name: django_admin_log_user_id_c564eba6; Type: INDEX; Schema: public; Owner: postgres
--

CREATE INDEX django_admin_log_user_id_c564eba6 ON public.django_admin_log USING btree (user_id);


--
-- TOC entry 4867 (class 1259 OID 17146)
-- Name: django_rest_passwordreset_resetpasswordtoken_key_f1b65873_like; Type: INDEX; Schema: public; Owner: postgres
--

CREATE INDEX django_rest_passwordreset_resetpasswordtoken_key_f1b65873_like ON public.django_rest_passwordreset_resetpasswordtoken USING btree (key varchar_pattern_ops);


--
-- TOC entry 4872 (class 1259 OID 17147)
-- Name: django_rest_passwordreset_resetpasswordtoken_user_id_e8015b11; Type: INDEX; Schema: public; Owner: postgres
--

CREATE INDEX django_rest_passwordreset_resetpasswordtoken_user_id_e8015b11 ON public.django_rest_passwordreset_resetpasswordtoken USING btree (user_id);


--
-- TOC entry 4892 (class 1259 OID 17240)
-- Name: django_session_expire_date_a5c62663; Type: INDEX; Schema: public; Owner: postgres
--

CREATE INDEX django_session_expire_date_a5c62663 ON public.django_session USING btree (expire_date);


--
-- TOC entry 4895 (class 1259 OID 17239)
-- Name: django_session_session_key_c0390e0f_like; Type: INDEX; Schema: public; Owner: postgres
--

CREATE INDEX django_session_session_key_c0390e0f_like ON public.django_session USING btree (session_key varchar_pattern_ops);


--
-- TOC entry 4889 (class 1259 OID 17224)
-- Name: irrigation_lecturasensor_sensor_id_0aa4f9aa; Type: INDEX; Schema: public; Owner: postgres
--

CREATE INDEX irrigation_lecturasensor_sensor_id_0aa4f9aa ON public.irrigation_lecturasensor USING btree (sensor_id);


--
-- TOC entry 4885 (class 1259 OID 17211)
-- Name: irrigation_registroriego_sensor_id_76708ec6; Type: INDEX; Schema: public; Owner: postgres
--

CREATE INDEX irrigation_registroriego_sensor_id_76708ec6 ON public.irrigation_registroriego USING btree (sensor_id);


--
-- TOC entry 4886 (class 1259 OID 17212)
-- Name: irrigation_registroriego_usuario_id_162e6370; Type: INDEX; Schema: public; Owner: postgres
--

CREATE INDEX irrigation_registroriego_usuario_id_162e6370 ON public.irrigation_registroriego USING btree (usuario_id);


--
-- TOC entry 4897 (class 2606 OID 17069)
-- Name: auth_group_permissions auth_group_permissio_permission_id_84c5c92e_fk_auth_perm; Type: FK CONSTRAINT; Schema: public; Owner: postgres
--

ALTER TABLE ONLY public.auth_group_permissions
    ADD CONSTRAINT auth_group_permissio_permission_id_84c5c92e_fk_auth_perm FOREIGN KEY (permission_id) REFERENCES public.auth_permission(id) DEFERRABLE INITIALLY DEFERRED;


--
-- TOC entry 4898 (class 2606 OID 17064)
-- Name: auth_group_permissions auth_group_permissions_group_id_b120cbf9_fk_auth_group_id; Type: FK CONSTRAINT; Schema: public; Owner: postgres
--

ALTER TABLE ONLY public.auth_group_permissions
    ADD CONSTRAINT auth_group_permissions_group_id_b120cbf9_fk_auth_group_id FOREIGN KEY (group_id) REFERENCES public.auth_group(id) DEFERRABLE INITIALLY DEFERRED;


--
-- TOC entry 4896 (class 2606 OID 17055)
-- Name: auth_permission auth_permission_content_type_id_2f476e4b_fk_django_co; Type: FK CONSTRAINT; Schema: public; Owner: postgres
--

ALTER TABLE ONLY public.auth_permission
    ADD CONSTRAINT auth_permission_content_type_id_2f476e4b_fk_django_co FOREIGN KEY (content_type_id) REFERENCES public.django_content_type(id) DEFERRABLE INITIALLY DEFERRED;


--
-- TOC entry 4899 (class 2606 OID 17084)
-- Name: auth_user_groups auth_user_groups_group_id_97559544_fk_auth_group_id; Type: FK CONSTRAINT; Schema: public; Owner: postgres
--

ALTER TABLE ONLY public.auth_user_groups
    ADD CONSTRAINT auth_user_groups_group_id_97559544_fk_auth_group_id FOREIGN KEY (group_id) REFERENCES public.auth_group(id) DEFERRABLE INITIALLY DEFERRED;


--
-- TOC entry 4900 (class 2606 OID 17079)
-- Name: auth_user_groups auth_user_groups_user_id_6a12ed8b_fk_auth_user_id; Type: FK CONSTRAINT; Schema: public; Owner: postgres
--

ALTER TABLE ONLY public.auth_user_groups
    ADD CONSTRAINT auth_user_groups_user_id_6a12ed8b_fk_auth_user_id FOREIGN KEY (user_id) REFERENCES public.auth_user(id) DEFERRABLE INITIALLY DEFERRED;


--
-- TOC entry 4901 (class 2606 OID 17098)
-- Name: auth_user_user_permissions auth_user_user_permi_permission_id_1fbb5f2c_fk_auth_perm; Type: FK CONSTRAINT; Schema: public; Owner: postgres
--

ALTER TABLE ONLY public.auth_user_user_permissions
    ADD CONSTRAINT auth_user_user_permi_permission_id_1fbb5f2c_fk_auth_perm FOREIGN KEY (permission_id) REFERENCES public.auth_permission(id) DEFERRABLE INITIALLY DEFERRED;


--
-- TOC entry 4902 (class 2606 OID 17093)
-- Name: auth_user_user_permissions auth_user_user_permissions_user_id_a95ead1b_fk_auth_user_id; Type: FK CONSTRAINT; Schema: public; Owner: postgres
--

ALTER TABLE ONLY public.auth_user_user_permissions
    ADD CONSTRAINT auth_user_user_permissions_user_id_a95ead1b_fk_auth_user_id FOREIGN KEY (user_id) REFERENCES public.auth_user(id) DEFERRABLE INITIALLY DEFERRED;


--
-- TOC entry 4903 (class 2606 OID 17114)
-- Name: django_admin_log django_admin_log_content_type_id_c4bce8eb_fk_django_co; Type: FK CONSTRAINT; Schema: public; Owner: postgres
--

ALTER TABLE ONLY public.django_admin_log
    ADD CONSTRAINT django_admin_log_content_type_id_c4bce8eb_fk_django_co FOREIGN KEY (content_type_id) REFERENCES public.django_content_type(id) DEFERRABLE INITIALLY DEFERRED;


--
-- TOC entry 4904 (class 2606 OID 17119)
-- Name: django_admin_log django_admin_log_user_id_c564eba6_fk_auth_user_id; Type: FK CONSTRAINT; Schema: public; Owner: postgres
--

ALTER TABLE ONLY public.django_admin_log
    ADD CONSTRAINT django_admin_log_user_id_c564eba6_fk_auth_user_id FOREIGN KEY (user_id) REFERENCES public.auth_user(id) DEFERRABLE INITIALLY DEFERRED;


--
-- TOC entry 4905 (class 2606 OID 17141)
-- Name: django_rest_passwordreset_resetpasswordtoken django_rest_password_user_id_e8015b11_fk_auth_user; Type: FK CONSTRAINT; Schema: public; Owner: postgres
--

ALTER TABLE ONLY public.django_rest_passwordreset_resetpasswordtoken
    ADD CONSTRAINT django_rest_password_user_id_e8015b11_fk_auth_user FOREIGN KEY (user_id) REFERENCES public.auth_user(id) DEFERRABLE INITIALLY DEFERRED;


--
-- TOC entry 4906 (class 2606 OID 17184)
-- Name: irrigation_activacionusuario irrigation_activacionusuario_user_id_14cf4d85_fk_auth_user_id; Type: FK CONSTRAINT; Schema: public; Owner: postgres
--

ALTER TABLE ONLY public.irrigation_activacionusuario
    ADD CONSTRAINT irrigation_activacionusuario_user_id_14cf4d85_fk_auth_user_id FOREIGN KEY (user_id) REFERENCES public.auth_user(id) DEFERRABLE INITIALLY DEFERRED;


--
-- TOC entry 4909 (class 2606 OID 17219)
-- Name: irrigation_lecturasensor irrigation_lecturase_sensor_id_0aa4f9aa_fk_irrigatio; Type: FK CONSTRAINT; Schema: public; Owner: postgres
--

ALTER TABLE ONLY public.irrigation_lecturasensor
    ADD CONSTRAINT irrigation_lecturase_sensor_id_0aa4f9aa_fk_irrigatio FOREIGN KEY (sensor_id) REFERENCES public.irrigation_sensor(id) DEFERRABLE INITIALLY DEFERRED;


--
-- TOC entry 4907 (class 2606 OID 17201)
-- Name: irrigation_registroriego irrigation_registror_sensor_id_76708ec6_fk_irrigatio; Type: FK CONSTRAINT; Schema: public; Owner: postgres
--

ALTER TABLE ONLY public.irrigation_registroriego
    ADD CONSTRAINT irrigation_registror_sensor_id_76708ec6_fk_irrigatio FOREIGN KEY (sensor_id) REFERENCES public.irrigation_sensor(id) DEFERRABLE INITIALLY DEFERRED;


--
-- TOC entry 4908 (class 2606 OID 17206)
-- Name: irrigation_registroriego irrigation_registroriego_usuario_id_162e6370_fk_auth_user_id; Type: FK CONSTRAINT; Schema: public; Owner: postgres
--

ALTER TABLE ONLY public.irrigation_registroriego
    ADD CONSTRAINT irrigation_registroriego_usuario_id_162e6370_fk_auth_user_id FOREIGN KEY (usuario_id) REFERENCES public.auth_user(id) DEFERRABLE INITIALLY DEFERRED;


-- Completed on 2025-09-08 16:45:22

--
-- PostgreSQL database dump complete
--

\unrestrict rODIuKnMIcasoSrb8imDADnfgtnXaDoSzYanGc1YyQT1TcItgdyuEfoNjgvDYgP

